Model,MAE,RMSE,QWK,Accuracy,Diversity Score
CLIP_pred,2.9424242424242424,3.1885210782848317,0.0,0.06363636363636363,
BERT_pred_images,1.0575757575757576,1.620886401717507,0.0,0.45151515151515154,
CNN_pred,1.1666666666666667,1.5811388300841898,-0.0771513353115727,0.3333333333333333,0.7963304405523693
LLavA_image_based_ratings,1.0606060606060606,1.3416407864998738,-0.01582662230652021,0.23333333333333334,0.37793141095058347
LLavA_combined_ratings,0.806060606060606,1.1146408580454255,0.41053000653861105,0.3181818181818182,0.4384961290762037
ChatGPT4_scores,1.1150159744408945,1.404010685995579,-0.008448953802290271,0.23961661341853036,0.7304067065739926
